<?xml version="1.0" encoding="UTF-8"?>
<project-private xmlns="http://www.netbeans.org/ns/project-private/1">
    <editor-bookmarks xmlns="http://www.netbeans.org/ns/editor-bookmarks/1">
        <file>
            <url>test/BMPLoaderTest.java</url>
            <line>34</line>
        </file>
    </editor-bookmarks>
    <editor-bookmarks xmlns="http://www.netbeans.org/ns/editor-bookmarks/2" lastBookmarkId="1">
        <file>
            <url>test/BMPLoaderTest.java</url>
            <bookmark id="0">
                <name/>
                <line>34</line>
                <key/>
            </bookmark>
        </file>
        <file>
            <url>src/com/shtrih/jpos/fiscalprinter/FiscalPrinterImpl.java</url>
            <bookmark id="1">
                <name/>
                <line>4479</line>
                <key/>
            </bookmark>
        </file>
    </editor-bookmarks>
    <open-files xmlns="http://www.netbeans.org/ns/projectui-open-files/2">
        <group/>
    </open-files>
</project-private>
