<?xml version='1.0' encoding='UTF-8' ?>
<!DOCTYPE log4j:configuration SYSTEM "log4j.dtd">

<log4j:configuration >

   <appender name="CONSOLE-WARN" class="com.shtrih.util.ConsoleAppender">
     <param name="Encoding" value="UTF-8"/>
     <param name="target" value="System.err"/>
     <layout class="com.shtrih.util.PatternLayout">
       <param name="ConversionPattern" value="[%7r] [%t] %6p - %14.14c - %m%n"/>
     </layout>
     <filter class="com.shtrih.util.varia.LevelRangeFilter">
       <param name="LevelMin" value="DEBUG"/>
     </filter>
   </appender>


   <appender name="A1" class="com.shtrih.util.RollingFileAppender">
      <param name="encoding" value="UTF-8"/>
      <param name="MaxFileSize" value="4Mb"/>
      <param name="MaxBackupIndex" value="10"/>
      <param name="file" value="log/shtrihjpos.log"/>
      <layout class="com.shtrih.util.PatternLayout">
         <param name="ConversionPattern" value="%d [%7r] [%t] %6p - %c - %m%n"/>
      </layout>
   </appender>

   <root>
	   
     <priority value ="debug" />
   	   
     <appender-ref ref="A1" />
	
   </root>


</log4j:configuration>
